id_lot;production_date;vaccine_type;production_site;bioreactor_type;bioreactor_volume_l;raw_material_supplier;operator_shift;maintenance_status;sterilization_method;fermentation_time_hours;culture_temperature_c;ph_level;agitation_speed_rpm;oxygen_flow_rate_lpm;glucose_feed_rate_ml_min;nutrient_concentration_g_l;initial_cell_density_e6_ml;final_cell_density_e6_ml;lactate_level_g_l;bioreactor_pressure_psi;harvest_volume_l;filtration_pressure_bar;purification_duration_hours;chromatography_residence_time_min;buffer_ph;raw_material_purity_percent;enzyme_activity_u_ml;viscosity_cp;conductivity_ms_cm;moisture_content_percent;impurity_rate_ppm;endotoxin_level_eu_ml;purification_method;batch_quality_grade;vaccine_yield_g_l
LOT_2025_001;2/1/25;mRNA;Site_Alpha;single_use;2000;BioSupplies_Inc;Day;recent;gamma_irradiation;48.5;37.1;7.22;150;12.5;45.2;8.5;0.52;12.4;1.2;5.1;1850.5;1.2;12.5;4.5;7.1;99.2;1200;4.5;12.5;1.2;150;0.5;chromatography_affinity;A;4.85
LOT_2025_002;3/1/25;viral_vector;Site_Beta;stainless_steel;5000;ChemCorp_Global;Night;normal;steam_in_place;72.1;36.8;7.15;280;25.1;80.5;12.1;0.85;24.5;2.5;8.2;4600.2;1.8;24.1;6.2;7;98.5;1150;5.2;14.1;0.8;220;1.2;filtration_tangential;B;7.23
LOT_2025_003;4/1/25;inactivated;Site_Alpha;stainless_steel;5000;BioSupplies_Inc;Day;overdue;steam_in_place;120.5;37.4;6.95;310;22.4;75.1;11.5;1.1;35.2;4.8;8.5;4750;2.1;36;5.8;6.8;97.1;950;8.5;15.2;2.5;450;2.5;centrifugation;C;9.15
LOT_2025_004;5/1/25;mRNA;Site_Gamma;single_use;1000;NanoMaterials_Ltd;Night;normal;gamma_irradiation;47.2;37;7.2;145;11.8;44.5;8.2;0.5;11.8;1.1;4.9;920.5;1.1;11.8;4.4;7.2;99.5;1220;4.4;12.4;1.1;130;0.4;chromatography_affinity;A;4.92
LOT_2025_005;6/1/25;viral_vector;Site_Beta;single_use;2000;ChemCorp_Global;Day;recent;gamma_irradiation;70.5;36.9;7.18;200;18.5;60.2;10.5;0.75;20.1;2.1;5.5;1900.1;1.5;22.5;6;7.1;98.8;1180;5;13.8;0.9;180;1;chromatography_ion_exchange;A;6.85
LOT_2025_006;7/1/25;inactivated;Site_Alpha;stainless_steel;10000;BioSupplies_Inc;Day;normal;steam_in_place;118.2;37.2;7.05;350;45.2;150.5;14.2;1.2;42.5;5.1;12.5;9500.5;2.4;40.5;5.5;6.9;96.5;900;9.1;16.5;2.8;500;3.1;centrifugation;B;12.45
LOT_2025_007;8/1/25;mRNA;Site_Alpha;single_use;2000;NanoMaterials_Ltd;Night;recent;gamma_irradiation;49.1;37.1;7.21;152;12.6;45.8;8.6;0.53;12.6;1.2;5.2;1860.2;1.2;12.6;4.5;7.1;99.3;1205;4.5;12.6;1.2;145;0.5;chromatography_affinity;A;4.88
LOT_2025_008;9/1/25;recombinant;Site_Gamma;stainless_steel;500;ChemCorp_Global;Day;normal;steam_in_place;96.5;36.5;7.1;180;8.5;30.2;9.5;0.6;18.5;1.8;4.2;480.5;1.4;18.5;5.2;7;98.2;1100;6.2;13.5;1.5;250;1.5;filtration_depth;B;5.5
LOT_2025_009;10/1/25;viral_vector;Site_Beta;stainless_steel;5000;BioSupplies_Inc;Day;overdue;steam_in_place;73.5;37.8;7.02;275;24.5;78.5;11.8;0.82;22.5;3.2;8;4550.8;2.5;25.2;6.1;6.8;97.5;1120;5.4;14.5;1.1;300;1.8;filtration_tangential;C;6.95
LOT_2025_010;11/1/25;mRNA;Site_Alpha;single_use;2000;NanoMaterials_Ltd;Day;normal;gamma_irradiation;48;37;7.22;148;12.4;45;8.4;0.51;12.2;1.1;5;1840.5;1.2;12.2;4.5;7.2;99.4;1210;4.5;12.5;1.2;140;0.5;chromatography_affinity;A;4.9
LOT_2025_011;12/1/25;inactivated;Site_Gamma;stainless_steel;2000;ChemCorp_Global;Night;maintenance;steam_in_place;122.1;36.4;6.85;300;20.5;70.2;10.5;1.05;32.1;5.5;7.8;1850.2;2.8;38.2;5.6;6.7;95.5;880;8.2;15.8;3.1;600;3.5;centrifugation;C;8.5
LOT_2025_012;13-01-2025;recombinant;Site_Alpha;single_use;1000;BioSupplies_Inc;Day;recent;gamma_irradiation;95.2;36.6;7.12;185;9.2;32.5;9.8;0.62;19.2;1.6;4.5;950.5;1.3;18;5.3;7.1;98.6;1115;6.1;13.4;1.4;240;1.4;filtration_depth;B;5.75
LOT_2025_013;14-01-2025;viral_vector;Site_Beta;single_use;2000;ChemCorp_Global;Night;normal;gamma_irradiation;71.2;36.9;7.16;205;18.8;61.5;10.8;0.78;20.8;2.2;5.6;1920.5;1.6;22.8;6;7.1;98.9;1185;5.1;13.9;0.9;175;1;chromatography_ion_exchange;A;6.92
LOT_2025_014;15-01-2025;mRNA;Site_Gamma;single_use;1000;NanoMaterials_Ltd;Day;overdue;gamma_irradiation;46.5;37.5;7.05;140;11.2;43.2;8;0.48;11.2;1.5;4.8;900.2;1.5;13.5;4.3;6.9;98.2;1150;4.3;12.8;1.5;200;0.8;chromatography_affinity;B;4.55
LOT_2025_015;16-01-2025;inactivated;Site_Alpha;stainless_steel;10000;BioSupplies_Inc;Night;recent;steam_in_place;119.5;37.2;7.06;355;45.8;152.2;14.5;1.22;43.2;5;12.6;9600.2;2.3;40.2;5.5;6.9;96.8;910;9.2;16.4;2.7;480;3;centrifugation;B;12.65
LOT_2025_016;17-01-2025;viral_vector;Site_Beta;stainless_steel;5000;ChemCorp_Global;Day;normal;steam_in_place;72.5;36.8;7.15;282;25.3;80.8;12.2;0.86;24.8;2.4;8.3;4620.5;1.8;24.3;6.2;7;98.6;1155;5.2;14.2;0.8;215;1.2;filtration_tangential;A;7.28
LOT_2025_017;18-01-2025;recombinant;Site_Gamma;stainless_steel;500;BioSupplies_Inc;Night;overdue;steam_in_place;94.2;36.2;7.02;175;8.1;28.5;9.2;0.58;17.5;2.1;4;460.5;1.8;19.5;5;6.8;97.5;1050;6.5;13.8;1.8;300;1.8;filtration_depth;C;5.1
LOT_2025_018;19-01-2025;mRNA;Site_Alpha;single_use;2000;NanoMaterials_Ltd;Day;normal;gamma_irradiation;48.2;37;7.22;149;12.5;45.1;8.5;0.52;12.3;1.2;5;1845.2;1.2;12.3;4.5;7.2;99.4;1215;4.5;12.5;1.2;142;0.5;chromatography_affinity;A;4.91
LOT_2025_019;20-01-2025;inactivated;Site_Alpha;stainless_steel;5000;BioSupplies_Inc;Day;recent;steam_in_place;120.8;37.3;7;315;22.8;76.2;11.8;1.12;36.5;4.5;8.6;4800.5;2;36.5;5.8;6.9;97.5;960;8.6;15.3;2.4;440;2.4;centrifugation;B;9.45
LOT_2025_020;21-01-2025;viral_vector;Site_Beta;single_use;2000;ChemCorp_Global;Night;normal;gamma_irradiation;71.5;36.9;7.17;202;18.6;60.8;10.6;0.76;20.4;2.2;5.5;1910.2;1.5;22.6;6;7.1;98.8;1182;5;13.8;0.9;178;1;chromatography_ion_exchange;A;6.88
LOT_2025_021;22-01-2025;recombinant;Site_Gamma;stainless_steel;500;ChemCorp_Global;Day;recent;steam_in_place;96.8;36.5;7.11;182;8.6;30.5;9.6;0.61;18.8;1.7;4.3;485.2;1.4;18.6;5.2;7;98.3;1105;6.2;13.5;1.5;245;1.5;filtration_depth;B;5.55
LOT_2025_022;23-01-2025;mRNA;Site_Alpha;single_use;2000;NanoMaterials_Ltd;Night;maintenance;gamma_irradiation;45.5;37.6;7.15;135;10.5;40.5;7.8;0.45;10.5;1.8;4.5;1750.5;1.6;14.5;4.2;6.8;97.8;1120;4.8;13.2;1.8;250;0.9;chromatography_affinity;C;4.2
LOT_2025_023;24-01-2025;inactivated;Site_Alpha;stainless_steel;10000;BioSupplies_Inc;Day;normal;steam_in_place;118.5;37.2;7.05;352;45.4;150.8;14.3;1.21;42.8;5.1;12.5;9520.5;2.4;40.6;5.5;6.9;96.6;905;9.1;16.5;2.8;495;3.1;centrifugation;B;12.5
LOT_2025_024;25-01-2025;viral_vector;Site_Beta;stainless_steel;5000;ChemCorp_Global;Night;normal;steam_in_place;72.3;36.8;7.15;281;25.2;80.6;12.1;0.85;24.6;2.5;8.2;4610.2;1.8;24.2;6.2;7;98.5;1152;5.2;14.1;0.8;218;1.2;filtration_tangential;B;7.25
LOT_2025_025;26-01-2025;recombinant;Site_Gamma;single_use;1000;BioSupplies_Inc;Day;normal;gamma_irradiation;95.5;36.6;7.12;186;9.3;32.8;9.9;0.63;19.5;1.6;4.6;955.5;1.3;18.1;5.3;7.1;98.7;1118;6.1;13.4;1.4;235;1.4;filtration_depth;B;5.8
LOT_2025_026;27-01-2025;mRNA;Site_Alpha;single_use;2000;NanoMaterials_Ltd;Night;normal;gamma_irradiation;48.1;37;7.22;148;12.4;45;8.4;0.51;12.2;1.1;5;1842.5;1.2;12.2;4.5;7.2;99.4;1212;4.5;12.5;1.2;141;0.5;chromatography_affinity;A;4.9
LOT_2025_027;28-01-2025;viral_vector;Site_Beta;single_use;2000;ChemCorp_Global;Day;recent;gamma_irradiation;71;36.9;7.18;201;18.5;60.4;10.5;0.75;20.2;2.1;5.5;1905.1;1.5;22.5;6;7.1;98.8;1181;5;13.8;0.9;179;1;chromatography_ion_exchange;A;6.86
LOT_2025_028;29-01-2025;inactivated;Site_Gamma;stainless_steel;2000;BioSupplies_Inc;Day;overdue;steam_in_place;121.5;36.5;6.88;302;20.8;71.5;10.8;1.06;32.5;5.2;7.9;1860.5;2.6;37.5;5.6;6.7;95.8;885;8.3;15.7;3;580;3.4;centrifugation;C;8.75
LOT_2025_029;30-01-2025;mRNA;Site_Gamma;single_use;1000;NanoMaterials_Ltd;Night;normal;gamma_irradiation;47.5;37;7.2;146;11.9;44.6;8.2;0.5;11.9;1.1;4.9;925.5;1.1;11.9;4.4;7.2;99.5;1222;4.4;12.4;1.1;128;0.4;chromatography_affinity;A;4.93
LOT_2025_030;31-01-2025;recombinant;Site_Gamma;stainless_steel;500;ChemCorp_Global;Day;normal;steam_in_place;96.6;36.5;7.1;181;8.5;30.3;9.5;0.6;18.6;1.8;4.2;482.5;1.4;18.5;5.2;7;98.2;1102;6.2;13.5;1.5;248;1.5;filtration_depth;B;5.52
LOT_2025_031;1/2/25;viral_vector;Site_Beta;stainless_steel;5000;BioSupplies_Inc;Night;recent;steam_in_place;73;37.5;7.08;278;24.8;79.5;12;0.84;23.5;2.8;8.1;4580.5;2.2;24.8;6.1;6.9;98;1135;5.3;14.3;0.9;260;1.5;filtration_tangential;B;7.1
LOT_2025_032;2/2/25;inactivated;Site_Alpha;stainless_steel;5000;BioSupplies_Inc;Day;normal;steam_in_place;120.2;37.4;6.98;312;22.6;75.8;11.6;1.11;35.8;4.6;8.5;4780;2;36.2;5.8;6.9;97.3;955;8.5;15.2;2.4;445;2.5;centrifugation;C;9.3
LOT_2025_033;3/2/25;mRNA;Site_Alpha;single_use;2000;NanoMaterials_Ltd;Night;normal;gamma_irradiation;48.3;37;7.22;149;12.5;45.2;8.5;0.52;12.4;1.2;5.1;1850.5;1.2;12.4;4.5;7.2;99.4;1218;4.5;12.5;1.2;142;0.5;chromatography_affinity;A;4.92
LOT_2025_034;4/2/25;recombinant;Site_Alpha;single_use;1000;BioSupplies_Inc;Day;normal;gamma_irradiation;95.8;36.6;7.12;187;9.4;33;10;0.63;19.8;1.5;4.6;960.5;1.3;18.2;5.3;7.1;98.8;1120;6.1;13.4;1.4;230;1.4;filtration_depth;A;5.85
LOT_2025_035;5/2/25;viral_vector;Site_Beta;single_use;2000;ChemCorp_Global;Night;maintenance;gamma_irradiation;69.5;36.2;7.25;190;17.2;55.5;9.5;0.65;18.5;3;6.2;1800.5;2.1;20.5;5.8;6.9;97.5;1100;5.5;14.2;1.2;250;1.5;chromatography_ion_exchange;C;6.2
LOT_2025_036;6/2/25;inactivated;Site_Alpha;stainless_steel;10000;BioSupplies_Inc;Day;recent;steam_in_place;118.8;37.2;7.06;353;45.5;151.2;14.3;1.21;43;5;12.6;9550.5;2.3;40.4;5.5;6.9;96.7;908;9.1;16.4;2.8;490;3.1;centrifugation;B;12.55
LOT_2025_037;7/2/25;mRNA;Site_Gamma;single_use;1000;NanoMaterials_Ltd;Day;normal;gamma_irradiation;47.8;37;7.21;147;12;44.8;8.3;0.51;12;1.1;4.9;930.5;1.1;12;4.4;7.2;99.5;1225;4.4;12.4;1.1;125;0.4;chromatography_affinity;A;4.95
LOT_2025_038;8/2/25;viral_vector;Site_Beta;stainless_steel;5000;ChemCorp_Global;Night;overdue;steam_in_place;74;37.9;7;270;24;77.5;11.5;0.8;21.5;3.5;8;4500.5;2.8;25.5;6;6.7;97.2;1110;5.5;14.6;1.2;320;2;filtration_tangential;C;6.8
LOT_2025_039;9/2/25;recombinant;Site_Gamma;stainless_steel;500;ChemCorp_Global;Day;normal;steam_in_place;96.7;36.5;7.1;181;8.5;30.4;9.5;0.6;18.7;1.8;4.2;483.5;1.4;18.5;5.2;7;98.2;1103;6.2;13.5;1.5;247;1.5;filtration_depth;B;5.53
LOT_2025_040;10/2/25;mRNA;Site_Alpha;single_use;2000;NanoMaterials_Ltd;Night;recent;gamma_irradiation;48.5;37.1;7.22;150;12.5;45.3;8.5;0.52;12.4;1.2;5.1;1852.5;1.2;12.4;4.5;7.1;99.3;1218;4.5;12.5;1.2;143;0.5;chromatography_affinity;A;4.89
LOT_2025_041;11/2/25;inactivated;Site_Gamma;stainless_steel;2000;BioSupplies_Inc;Day;normal;steam_in_place;121.8;36.4;6.87;301;20.6;70.8;10.7;1.05;32.3;5.4;7.8;1855.5;2.7;37.8;5.6;6.7;95.6;882;8.2;15.8;3;590;3.4;centrifugation;C;8.6
LOT_2025_042;12/2/25;viral_vector;Site_Beta;single_use;2000;ChemCorp_Global;Night;normal;gamma_irradiation;71.1;36.9;7.17;202;18.5;60.5;10.6;0.76;20.3;2.1;5.5;1908.2;1.5;22.5;6;7.1;98.8;1182;5;13.8;0.9;178;1;chromatography_ion_exchange;A;6.87
LOT_2025_043;13-02-2025;recombinant;Site_Alpha;single_use;1000;BioSupplies_Inc;Day;recent;gamma_irradiation;95.4;36.6;7.12;185;9.2;32.6;9.8;0.62;19.3;1.6;4.5;952.5;1.3;18;5.3;7.1;98.6;1116;6.1;13.4;1.4;238;1.4;filtration_depth;B;5.78
LOT_2025_044;14-02-2025;mRNA;Site_Gamma;single_use;1000;NanoMaterials_Ltd;Night;normal;gamma_irradiation;47.6;37;7.2;146;11.9;44.7;8.2;0.5;11.9;1.1;4.9;928.5;1.1;11.9;4.4;7.2;99.5;1223;4.4;12.4;1.1;127;0.4;chromatography_affinity;A;4.94
LOT_2025_045;15-02-2025;inactivated;Site_Alpha;stainless_steel;5000;BioSupplies_Inc;Day;overdue;steam_in_place;120;37.5;6.92;308;22;74.5;11.2;1.08;34.5;4.9;8.4;4700.5;2.2;35.5;5.7;6.8;97;940;8.5;15.1;2.6;460;2.6;centrifugation;C;9
LOT_2025_046;16-02-2025;viral_vector;Site_Beta;stainless_steel;5000;ChemCorp_Global;Night;normal;steam_in_place;72.4;36.8;7.15;281;25.2;80.7;12.1;0.86;24.7;2.5;8.2;4615.5;1.8;24.2;6.2;7;98.6;1153;5.2;14.1;0.8;217;1.2;filtration_tangential;B;7.26
LOT_2025_047;17-02-2025;recombinant;Site_Gamma;stainless_steel;500;ChemCorp_Global;Day;normal;steam_in_place;96.9;36.5;7.11;182;8.6;30.6;9.6;0.61;18.9;1.7;4.3;486.5;1.4;18.6;5.2;7;98.3;1106;6.2;13.5;1.5;244;1.5;filtration_depth;B;5.56
LOT_2025_048;18-02-2025;mRNA;Site_Alpha;single_use;2000;NanoMaterials_Ltd;Night;normal;gamma_irradiation;48.4;37.1;7.22;150;12.5;45.2;8.5;0.52;12.4;1.2;5.1;1851.5;1.2;12.5;4.5;7.1;99.3;1219;4.5;12.5;1.2;142;0.5;chromatography_affinity;A;4.89
LOT_2025_049;19-02-2025;inactivated;Site_Alpha;stainless_steel;10000;BioSupplies_Inc;Day;recent;steam_in_place;119.2;37.2;7.06;354;45.6;151.8;14.4;1.22;43.1;5;12.6;9580.5;2.3;40.3;5.5;6.9;96.7;909;9.2;16.4;2.7;485;3;centrifugation;B;12.6
LOT_2025_050;20-02-2025;viral_vector;Site_Beta;single_use;2000;ChemCorp_Global;Night;normal;gamma_irradiation;71.4;36.9;7.17;202;18.6;60.7;10.6;0.76;20.4;2.2;5.5;1909.2;1.5;22.6;6;7.1;98.8;1182;5;13.8;0.9;178;1;chromatography_ion_exchange;A;6.88
LOT_2025_051;21-02-2025;recombinant;Site_Alpha;single_use;1000;BioSupplies_Inc;Day;maintenance;gamma_irradiation;93.5;36.8;7.08;175;8.5;28.5;9;0.55;17.5;2;4.2;900.5;1.6;17.5;5.1;6.9;97.8;1050;6;13.2;1.6;280;1.8;filtration_depth;C;5.2
LOT_2025_052;22-02-2025;mRNA;Site_Gamma;single_use;1000;NanoMaterials_Ltd;Night;normal;gamma_irradiation;47.9;37;7.21;147;12;44.9;8.3;0.51;12;1.1;4.9;932.5;1.1;12;4.4;7.2;99.5;1226;4.4;12.4;1.1;124;0.4;chromatography_affinity;A;4.96
LOT_2025_053;23-02-2025;inactivated;Site_Alpha;stainless_steel;5000;BioSupplies_Inc;Day;normal;steam_in_place;120.5;37.3;7;314;22.7;76;11.7;1.12;36.2;4.5;8.6;4790;2;36.4;5.8;6.9;97.4;958;8.6;15.3;2.4;442;2.4;centrifugation;B;9.4
LOT_2025_054;24-02-2025;viral_vector;Site_Beta;stainless_steel;5000;ChemCorp_Global;Night;recent;steam_in_place;72.8;36.9;7.14;285;25.5;81.5;12.3;0.88;25.2;2.3;8.4;4650.5;1.7;24.5;6.3;7;98.8;1160;5.1;14;0.8;210;1.1;filtration_tangential;A;7.35
LOT_2025_055;25-02-2025;recombinant;Site_Gamma;stainless_steel;500;ChemCorp_Global;Day;normal;steam_in_place;96.4;36.5;7.1;180;8.5;30.2;9.5;0.6;18.5;1.8;4.2;481.5;1.4;18.5;5.2;7;98.2;1101;6.2;13.5;1.5;249;1.5;filtration_depth;B;5.51
LOT_2025_056;26-02-2025;mRNA;Site_Alpha;single_use;2000;NanoMaterials_Ltd;Night;overdue;gamma_irradiation;46.8;37.3;7.18;142;11.5;42.5;8.1;0.49;11.5;1.4;4.9;1800.5;1.4;12.8;4.3;7;98.5;1180;4.6;12.8;1.4;180;0.7;chromatography_affinity;B;4.65
LOT_2025_057;27-02-2025;inactivated;Site_Gamma;stainless_steel;2000;BioSupplies_Inc;Day;normal;steam_in_place;122;36.4;6.86;301;20.6;70.5;10.6;1.05;32.2;5.4;7.8;1852.5;2.7;37.6;5.6;6.7;95.5;881;8.2;15.8;3;595;3.4;centrifugation;C;8.55
LOT_2025_058;28-02-2025;viral_vector;Site_Beta;single_use;2000;ChemCorp_Global;Night;normal;gamma_irradiation;71.3;36.9;7.17;202;18.6;60.6;10.6;0.76;20.3;2.2;5.5;1908.8;1.5;22.6;6;7.1;98.8;1182;5;13.8;0.9;178;1;chromatography_ion_exchange;A;6.87
LOT_2025_059;1/3/25;recombinant;Site_Alpha;single_use;1000;BioSupplies_Inc;Day;recent;gamma_irradiation;95.6;36.6;7.12;186;9.3;32.9;9.9;0.63;19.6;1.6;4.6;958.5;1.3;18.1;5.3;7.1;98.7;1119;6.1;13.4;1.4;234;1.4;filtration_depth;A;5.82
LOT_2025_060;2/3/25;mRNA;Site_Gamma;single_use;1000;NanoMaterials_Ltd;Night;normal;gamma_irradiation;47.7;37;7.2;146;11.9;44.7;8.2;0.5;11.9;1.1;4.9;929.5;1.1;11.9;4.4;7.2;99.5;1224;4.4;12.4;1.1;126;0.4;chromatography_affinity;A;4.95
LOT_2025_061;3/3/25;inactivated;Site_Alpha;stainless_steel;10000;BioSupplies_Inc;Day;maintenance;steam_in_place;116.5;37.6;6.95;340;40.5;140.5;13.5;1.15;39.5;5.5;11.5;9200.5;2.6;41.5;5.3;6.8;96;850;9.5;16.8;3.2;550;3.5;centrifugation;C;11.5
LOT_2025_062;4/3/25;viral_vector;Site_Beta;stainless_steel;5000;ChemCorp_Global;Night;normal;steam_in_place;72.6;36.8;7.15;282;25.3;80.9;12.2;0.86;24.9;2.4;8.3;4625.5;1.8;24.3;6.2;7;98.6;1154;5.2;14.2;0.8;216;1.2;filtration_tangential;A;7.29
LOT_2025_063;5/3/25;recombinant;Site_Gamma;stainless_steel;500;ChemCorp_Global;Day;normal;steam_in_place;97;36.5;7.11;183;8.6;30.7;9.6;0.61;19;1.7;4.3;487.5;1.4;18.6;5.2;7;98.3;1107;6.2;13.5;1.5;243;1.5;filtration_depth;B;5.57
LOT_2025_064;6/3/25;mRNA;Site_Alpha;single_use;2000;NanoMaterials_Ltd;Night;recent;gamma_irradiation;48.6;37.1;7.22;150;12.5;45.4;8.5;0.52;12.5;1.2;5.1;1853.5;1.2;12.5;4.5;7.1;99.3;1220;4.5;12.5;1.2;141;0.5;chromatography_affinity;A;4.9
LOT_2025_065;7/3/25;inactivated;Site_Alpha;stainless_steel;5000;BioSupplies_Inc;Day;normal;steam_in_place;120.4;37.3;6.99;313;22.7;75.9;11.7;1.11;36;4.6;8.6;4785;2;36.3;5.8;6.9;97.4;957;8.6;15.3;2.4;443;2.4;centrifugation;B;9.35
LOT_2025_066;8/3/25;viral_vector;Site_Beta;single_use;2000;ChemCorp_Global;Night;overdue;gamma_irradiation;70;36.5;7.22;195;17.8;58.5;10;0.7;19.2;2.6;5.8;1850.5;1.9;21.5;5.9;7;98;1140;5.3;14;1.1;230;1.3;chromatography_ion_exchange;C;6.5
LOT_2025_067;9/3/25;recombinant;Site_Alpha;single_use;1000;BioSupplies_Inc;Day;normal;gamma_irradiation;95.9;36.6;7.12;187;9.4;33.1;10;0.63;19.9;1.5;4.6;962.5;1.3;18.2;5.3;7.1;98.8;1121;6.1;13.4;1.4;229;1.4;filtration_depth;A;5.86
LOT_2025_068;10/3/25;mRNA;Site_Gamma;single_use;1000;NanoMaterials_Ltd;Night;normal;gamma_irradiation;47.4;37;7.2;145;11.8;44.5;8.2;0.5;11.8;1.1;4.9;926.5;1.1;11.9;4.4;7.2;99.5;1221;4.4;12.4;1.1;129;0.4;chromatography_affinity;A;4.92
LOT_2025_069;11/3/25;inactivated;Site_Gamma;stainless_steel;2000;BioSupplies_Inc;Day;recent;steam_in_place;122.2;36.5;6.89;303;20.9;71.8;10.9;1.07;32.8;5.1;7.9;1865.5;2.6;37.4;5.6;6.7;96;890;8.3;15.7;2.9;570;3.3;centrifugation;B;8.9
LOT_2025_070;12/3/25;viral_vector;Site_Beta;stainless_steel;5000;ChemCorp_Global;Night;normal;steam_in_place;72.7;36.8;7.15;283;25.4;81;12.2;0.87;25;2.4;8.3;4630.5;1.8;24.4;6.2;7;98.7;1156;5.2;14.2;0.8;214;1.1;filtration_tangential;A;7.3
LOT_2025_071;13-03-2025;recombinant;Site_Gamma;stainless_steel;500;ChemCorp_Global;Day;normal;steam_in_place;96.8;36.5;7.1;182;8.6;30.5;9.6;0.61;18.8;1.8;4.3;485.5;1.4;18.6;5.2;7;98.2;1104;6.2;13.5;1.5;246;1.5;filtration_depth;B;5.54
LOT_2025_072;14-03-2025;mRNA;Site_Alpha;single_use;2000;NanoMaterials_Ltd;Night;normal;gamma_irradiation;48.2;37;7.22;149;12.5;45.1;8.5;0.52;12.3;1.2;5.1;1848.5;1.2;12.3;4.5;7.2;99.4;1216;4.5;12.5;1.2;142;0.5;chromatography_affinity;A;4.91
LOT_2025_073;15-03-2025;inactivated;Site_Alpha;stainless_steel;10000;BioSupplies_Inc;Day;recent;steam_in_place;119;37.2;7.06;354;45.6;151.5;14.4;1.22;43.1;5;12.6;9560.5;2.3;40.3;5.5;6.9;96.7;909;9.2;16.4;2.7;485;3;centrifugation;B;12.58
LOT_2025_074;16-03-2025;viral_vector;Site_Beta;single_use;2000;ChemCorp_Global;Night;normal;gamma_irradiation;71.2;36.9;7.17;202;18.6;60.5;10.6;0.76;20.3;2.2;5.5;1908.5;1.5;22.6;6;7.1;98.8;1182;5;13.8;0.9;178;1;chromatography_ion_exchange;A;6.87
LOT_2025_075;17-03-2025;recombinant;Site_Alpha;single_use;1000;BioSupplies_Inc;Day;normal;gamma_irradiation;95.7;36.6;7.12;186;9.3;32.9;9.9;0.63;19.7;1.6;4.6;959.5;1.3;18.1;5.3;7.1;98.7;1120;6.1;13.4;1.4;232;1.4;filtration_depth;A;5.83
LOT_2025_076;18-03-2025;mRNA;Site_Gamma;single_use;1000;NanoMaterials_Ltd;Night;maintenance;gamma_irradiation;45.8;37.6;7.16;138;10.8;41.2;7.9;0.46;10.8;1.7;4.6;1760.5;1.5;14.2;4.2;6.9;97.9;1125;4.7;13.1;1.7;245;0.9;chromatography_affinity;C;4.25
LOT_2025_077;19-03-2025;inactivated;Site_Alpha;stainless_steel;5000;BioSupplies_Inc;Day;normal;steam_in_place;120.3;37.3;6.99;313;22.7;75.9;11.7;1.11;35.9;4.6;8.6;4782;2;36.3;5.8;6.9;97.3;956;8.6;15.2;2.4;444;2.5;centrifugation;B;9.32
LOT_2025_078;20-03-2025;viral_vector;Site_Beta;stainless_steel;5000;ChemCorp_Global;Night;normal;steam_in_place;72.5;36.8;7.15;282;25.3;80.8;12.2;0.86;24.8;2.4;8.3;4622.5;1.8;24.3;6.2;7;98.6;1155;5.2;14.2;0.8;215;1.2;filtration_tangential;A;7.28
LOT_2025_079;21-03-2025;recombinant;Site_Gamma;stainless_steel;500;ChemCorp_Global;Day;overdue;steam_in_place;94.5;36.2;7.03;176;8.2;28.8;9.3;0.58;17.8;2;4.1;465.5;1.7;19.2;5;6.9;97.6;1060;6.4;13.7;1.7;290;1.7;filtration_depth;C;5.15
LOT_2025_080;22-03-2025;mRNA;Site_Alpha;single_use;2000;NanoMaterials_Ltd;Night;recent;gamma_irradiation;48.7;37.1;7.22;150;12.5;45.4;8.5;0.52;12.5;1.2;5.1;1854.5;1.2;12.5;4.5;7.1;99.3;1221;4.5;12.5;1.2;140;0.5;chromatography_affinity;A;4.91
LOT_2025_081;23-03-2025;inactivated;Site_Gamma;stainless_steel;2000;BioSupplies_Inc;Day;normal;steam_in_place;121.9;36.4;6.87;301;20.6;70.6;10.7;1.05;32.3;5.4;7.8;1854.5;2.7;37.7;5.6;6.7;95.6;882;8.2;15.8;3;592;3.4;centrifugation;C;8.58
LOT_2025_082;24-03-2025;viral_vector;Site_Beta;single_use;2000;ChemCorp_Global;Night;normal;gamma_irradiation;71.3;36.9;7.17;202;18.6;60.6;10.6;0.76;20.3;2.2;5.5;1908.5;1.5;22.6;6;7.1;98.8;1182;5;13.8;0.9;178;1;chromatography_ion_exchange;A;6.87
LOT_2025_083;25-03-2025;recombinant;Site_Alpha;single_use;1000;BioSupplies_Inc;Day;recent;gamma_irradiation;95.5;36.6;7.12;186;9.3;32.8;9.9;0.63;19.5;1.6;4.6;956.5;1.3;18.1;5.3;7.1;98.7;1118;6.1;13.4;1.4;236;1.4;filtration_depth;A;5.8
LOT_2025_084;26-03-2025;mRNA;Site_Gamma;single_use;1000;NanoMaterials_Ltd;Night;normal;gamma_irradiation;47.8;37;7.21;147;12;44.8;8.3;0.51;12;1.1;4.9;931.5;1.1;12;4.4;7.2;99.5;1225;4.4;12.4;1.1;125;0.4;chromatography_affinity;A;4.95
LOT_2025_085;27-03-2025;inactivated;Site_Alpha;stainless_steel;5000;BioSupplies_Inc;Day;maintenance;steam_in_place;117.5;37.5;6.96;305;21.5;73.5;11;1.02;33.5;5.2;8.1;4650.5;2.4;35.8;5.7;6.8;96.5;930;8.8;15.4;2.7;520;2.8;centrifugation;C;8.8
LOT_2025_086;28-03-2025;viral_vector;Site_Beta;stainless_steel;5000;ChemCorp_Global;Night;normal;steam_in_place;72.7;36.8;7.15;283;25.4;81.1;12.2;0.87;25.1;2.4;8.3;4632.5;1.8;24.4;6.2;7;98.7;1157;5.2;14.2;0.8;213;1.1;filtration_tangential;A;7.31
LOT_2025_087;29-03-2025;recombinant;Site_Gamma;stainless_steel;500;ChemCorp_Global;Day;normal;steam_in_place;96.9;36.5;7.11;182;8.6;30.6;9.6;0.61;18.9;1.7;4.3;486.2;1.4;18.6;5.2;7;98.3;1106;6.2;13.5;1.5;244;1.5;filtration_depth;B;5.56
LOT_2025_088;30-03-2025;mRNA;Site_Alpha;single_use;2000;NanoMaterials_Ltd;Night;normal;gamma_irradiation;48.3;37;7.22;149;12.5;45.2;8.5;0.52;12.4;1.2;5.1;1849.5;1.2;12.4;4.5;7.2;99.4;1217;4.5;12.5;1.2;142;0.5;chromatography_affinity;A;4.91
LOT_2025_089;31-03-2025;inactivated;Site_Alpha;stainless_steel;10000;BioSupplies_Inc;Day;recent;steam_in_place;119.5;37.2;7.06;355;45.8;152.2;14.5;1.22;43.2;5;12.6;9605.5;2.3;40.2;5.5;6.9;96.8;910;9.2;16.4;2.7;480;3;centrifugation;B;12.65
LOT_2025_090;1/4/25;viral_vector;Site_Beta;single_use;2000;ChemCorp_Global;Night;normal;gamma_irradiation;71.4;36.9;7.17;202;18.6;60.7;10.6;0.76;20.4;2.2;5.5;1909.5;1.5;22.6;6;7.1;98.8;1182;5;13.8;0.9;178;1;chromatography_ion_exchange;A;6.88
LOT_2025_091;2/4/25;recombinant;Site_Alpha;single_use;1000;BioSupplies_Inc;Day;overdue;gamma_irradiation;94;36.8;7.09;178;8.8;29.5;9.2;0.57;18.2;1.9;4.3;920.5;1.5;17.8;5.2;7;98;1080;6.1;13.3;1.5;260;1.6;filtration_depth;C;5.4
LOT_2025_092;3/4/25;mRNA;Site_Gamma;single_use;1000;NanoMaterials_Ltd;Night;normal;gamma_irradiation;47.9;37;7.21;147;12;44.9;8.3;0.51;12;1.1;4.9;933.5;1.1;12;4.4;7.2;99.5;1226;4.4;12.4;1.1;124;0.4;chromatography_affinity;A;4.96
LOT_2025_093;4/4/25;inactivated;Site_Alpha;stainless_steel;5000;BioSupplies_Inc;Day;normal;steam_in_place;120.6;37.3;7;314;22.7;76.1;11.7;1.12;36.3;4.5;8.6;4795;2;36.4;5.8;6.9;97.4;958;8.6;15.3;2.4;441;2.4;centrifugation;B;9.42
LOT_2025_094;5/4/25;viral_vector;Site_Beta;stainless_steel;5000;ChemCorp_Global;Night;recent;steam_in_place;72.9;36.9;7.14;286;25.5;81.6;12.3;0.88;25.3;2.3;8.4;4655.5;1.7;24.5;6.3;7;98.8;1161;5.1;14;0.8;209;1.1;filtration_tangential;A;7.36
LOT_2025_095;6/4/25;recombinant;Site_Gamma;stainless_steel;500;ChemCorp_Global;Day;normal;steam_in_place;96.5;36.5;7.1;181;8.5;30.3;9.5;0.6;18.6;1.8;4.2;482.2;1.4;18.5;5.2;7;98.2;1102;6.2;13.5;1.5;248;1.5;filtration_depth;B;5.52
LOT_2025_096;7/4/25;mRNA;Site_Alpha;single_use;2000;NanoMaterials_Ltd;Night;normal;gamma_irradiation;48.5;37.1;7.22;150;12.5;45.3;8.5;0.52;12.5;1.2;5.1;1852.8;1.2;12.5;4.5;7.1;99.3;1219;4.5;12.5;1.2;143;0.5;chromatography_affinity;A;4.9
LOT_2025_097;8/4/25;inactivated;Site_Gamma;stainless_steel;2000;BioSupplies_Inc;Day;normal;steam_in_place;122.1;36.4;6.86;301;20.6;70.6;10.6;1.05;32.2;5.4;7.8;1853.5;2.7;37.6;5.6;6.7;95.5;881;8.2;15.8;3;594;3.4;centrifugation;C;8.56
LOT_2025_098;9/4/25;viral_vector;Site_Beta;single_use;2000;ChemCorp_Global;Night;normal;gamma_irradiation;71.3;36.9;7.17;202;18.6;60.6;10.6;0.76;20.3;2.2;5.5;1908.9;1.5;22.6;6;7.1;98.8;1182;5;13.8;0.9;178;1;chromatography_ion_exchange;A;6.87
LOT_2025_099;10/4/25;recombinant;Site_Alpha;single_use;1000;BioSupplies_Inc;Day;recent;gamma_irradiation;95.7;36.6;7.12;186;9.3;32.9;9.9;0.63;19.7;1.6;4.6;959.2;1.3;18.1;5.3;7.1;98.7;1120;6.1;13.4;1.4;233;1.4;filtration_depth;A;5.83
LOT_2025_100;11/4/25;mRNA;Site_Gamma;single_use;1000;NanoMaterials_Ltd;Night;normal;gamma_irradiation;47.7;37;7.2;146;11.9;44.7;8.2;0.5;11.9;1.1;4.9;930.2;1.1;11.9;4.4;7.2;99.5;1224;4.4;12.4;1.1;126;0.4;chromatography_affinity;A;4.95
LOT_2025_101;12/4/25;inactivated;Site_Alpha;stainless_steel;10000;BioSupplies_Inc;Day;recent;steam_in_place;119.1;37.2;7.06;354;45.7;151.6;14.4;1.22;43.1;5;12.6;9570.5;2.3;40.3;5.5;6.9;96.7;909;9.2;16.4;2.7;485;3;centrifugation;B;12.59
LOT_2025_102;13-04-2025;viral_vector;Site_Beta;stainless_steel;5000;ChemCorp_Global;Night;normal;steam_in_place;72.6;36.8;7.15;282;25.3;80.9;12.2;0.86;24.9;2.4;8.3;4628.5;1.8;24.3;6.2;7;98.6;1154;5.2;14.2;0.8;216;1.2;filtration_tangential;A;7.29
LOT_2025_103;14-04-2025;recombinant;Site_Gamma;stainless_steel;500;ChemCorp_Global;Day;normal;steam_in_place;97.1;36.5;7.11;183;8.6;30.8;9.6;0.61;19.1;1.7;4.3;488.5;1.4;18.6;5.2;7;98.3;1108;6.2;13.5;1.5;242;1.5;filtration_depth;B;5.58
LOT_2025_104;15-04-2025;mRNA;Site_Alpha;single_use;2000;NanoMaterials_Ltd;Night;recent;gamma_irradiation;48.7;37.1;7.22;150;12.5;45.5;8.5;0.52;12.5;1.2;5.1;1854.8;1.2;12.5;4.5;7.1;99.3;1221;4.5;12.5;1.2;141;0.5;chromatography_affinity;A;4.91
LOT_2025_105;16-04-2025;inactivated;Site_Alpha;stainless_steel;5000;BioSupplies_Inc;Day;normal;steam_in_place;120.5;37.3;6.99;313;22.7;76;11.7;1.11;36.1;4.6;8.6;4790.2;2;36.3;5.8;6.9;97.4;957;8.6;15.3;2.4;443;2.5;centrifugation;B;9.38
LOT_2025_106;17-04-2025;viral_vector;Site_Beta;single_use;2000;ChemCorp_Global;Night;maintenance;gamma_irradiation;69.8;36.3;7.24;192;17.5;56.5;9.6;0.66;18.8;2.9;6;1820.5;2;21;5.9;7;97.6;1110;5.4;14.1;1.1;245;1.4;chromatography_ion_exchange;C;6.35
LOT_2025_107;18-04-2025;recombinant;Site_Alpha;single_use;1000;BioSupplies_Inc;Day;normal;gamma_irradiation;96;36.6;7.12;187;9.4;33.2;10;0.63;20;1.5;4.6;964.5;1.3;18.2;5.3;7.1;98.8;1122;6.1;13.4;1.4;228;1.4;filtration_depth;A;5.87
LOT_2025_108;19-04-2025;mRNA;Site_Gamma;single_use;1000;NanoMaterials_Ltd;Night;normal;gamma_irradiation;47.5;37;7.2;145;11.8;44.6;8.2;0.5;11.8;1.1;4.9;927.5;1.1;11.9;4.4;7.2;99.5;1221;4.4;12.4;1.1;128;0.4;chromatography_affinity;A;4.93
LOT_2025_109;20-04-2025;inactivated;Site_Gamma;stainless_steel;2000;BioSupplies_Inc;Day;recent;steam_in_place;122.3;36.5;6.89;303;20.9;71.9;10.9;1.07;32.9;5.1;7.9;1866.5;2.6;37.4;5.6;6.7;96;891;8.3;15.7;2.9;568;3.3;centrifugation;B;8.92
LOT_2025_110;21-04-2025;viral_vector;Site_Beta;stainless_steel;5000;ChemCorp_Global;Night;normal;steam_in_place;72.8;36.8;7.15;283;25.4;81.2;12.2;0.87;25.1;2.4;8.3;4635.5;1.8;24.4;6.2;7;98.7;1157;5.2;14.2;0.8;214;1.1;filtration_tangential;A;7.32
LOT_2025_111;22-04-2025;recombinant;Site_Gamma;stainless_steel;500;ChemCorp_Global;Day;normal;steam_in_place;96.9;36.5;7.1;182;8.6;30.6;9.6;0.61;18.9;1.8;4.3;486.2;1.4;18.6;5.2;7;98.2;1105;6.2;13.5;1.5;245;1.5;filtration_depth;B;5.55
LOT_2025_112;23-04-2025;mRNA;Site_Alpha;single_use;2000;NanoMaterials_Ltd;Night;normal;gamma_irradiation;48.3;37;7.22;149;12.5;45.2;8.5;0.52;12.3;1.2;5.1;1850.2;1.2;12.3;4.5;7.2;99.4;1217;4.5;12.5;1.2;142;0.5;chromatography_affinity;A;4.91
LOT_2025_113;24-04-2025;inactivated;Site_Alpha;stainless_steel;10000;BioSupplies_Inc;Day;recent;steam_in_place;119.2;37.2;7.06;354;45.6;151.7;14.4;1.22;43.1;5;12.6;9575.5;2.3;40.3;5.5;6.9;96.7;909;9.2;16.4;2.7;485;3;centrifugation;B;12.59
LOT_2025_114;25-04-2025;viral_vector;Site_Beta;single_use;2000;ChemCorp_Global;Night;normal;gamma_irradiation;71.3;36.9;7.17;202;18.6;60.6;10.6;0.76;20.3;2.2;5.5;1908.8;1.5;22.6;6;7.1;98.8;1182;5;13.8;0.9;178;1;chromatography_ion_exchange;A;6.87
LOT_2025_115;26-04-2025;recombinant;Site_Alpha;single_use;1000;BioSupplies_Inc;Day;normal;gamma_irradiation;95.8;36.6;7.12;186;9.3;33;9.9;0.63;19.8;1.6;4.6;961.5;1.3;18.1;5.3;7.1;98.7;1120;6.1;13.4;1.4;231;1.4;filtration_depth;A;5.84
LOT_2025_116;27-04-2025;mRNA;Site_Gamma;single_use;1000;NanoMaterials_Ltd;Night;overdue;gamma_irradiation;46.2;37.5;7.08;141;11.3;43.5;8;0.48;11.3;1.5;4.8;905.2;1.5;13.8;4.3;6.9;98.3;1155;4.3;12.8;1.5;205;0.8;chromatography_affinity;B;4.58
LOT_2025_117;28-04-2025;inactivated;Site_Alpha;stainless_steel;5000;BioSupplies_Inc;Day;normal;steam_in_place;120.4;37.3;6.99;313;22.7;75.9;11.7;1.11;36;4.6;8.6;4788;2;36.3;5.8;6.9;97.3;957;8.6;15.2;2.4;443;2.5;centrifugation;B;9.35
LOT_2025_118;29-04-2025;viral_vector;Site_Beta;stainless_steel;5000;ChemCorp_Global;Night;normal;steam_in_place;72.6;36.8;7.15;282;25.3;80.9;12.2;0.86;24.9;2.4;8.3;4626.5;1.8;24.3;6.2;7;98.6;1154;5.2;14.2;0.8;215;1.2;filtration_tangential;A;7.29
LOT_2025_119;30-04-2025;recombinant;Site_Gamma;stainless_steel;500;ChemCorp_Global;Day;recent;steam_in_place;97.2;36.5;7.11;183;8.7;30.9;9.7;0.61;19.2;1.7;4.3;489.5;1.4;18.7;5.2;7;98.3;1109;6.2;13.5;1.5;241;1.5;filtration_depth;B;5.59
LOT_2025_120;1/5/25;mRNA;Site_Alpha;single_use;2000;NanoMaterials_Ltd;Night;recent;gamma_irradiation;48.8;37.1;7.22;150;12.5;45.6;8.5;0.52;12.6;1.2;5.1;1855.8;1.2;12.5;4.5;7.1;99.3;1222;4.5;12.5;1.2;140;0.5;chromatography_affinity;A;4.92
LOT_2025_121;2/5/25;inactivated;Site_Gamma;stainless_steel;2000;BioSupplies_Inc;Day;normal;steam_in_place;122;36.4;6.87;301;20.6;70.7;10.7;1.05;32.4;5.4;7.8;1855.2;2.7;37.7;5.6;6.7;95.6;882;8.2;15.8;3;591;3.4;centrifugation;C;8.59
LOT_2025_122;3/5/25;viral_vector;Site_Beta;single_use;2000;ChemCorp_Global;Night;normal;gamma_irradiation;71.4;36.9;7.17;202;18.6;60.7;10.6;0.76;20.4;2.2;5.5;1909.8;1.5;22.6;6;7.1;98.8;1182;5;13.8;0.9;178;1;chromatography_ion_exchange;A;6.88
LOT_2025_123;4/5/25;recombinant;Site_Alpha;single_use;1000;BioSupplies_Inc;Day;recent;gamma_irradiation;95.6;36.6;7.12;186;9.3;32.9;9.9;0.63;19.6;1.6;4.6;958.5;1.3;18.1;5.3;7.1;98.7;1119;6.1;13.4;1.4;234;1.4;filtration_depth;A;5.82
LOT_2025_124;5/5/25;mRNA;Site_Gamma;single_use;1000;NanoMaterials_Ltd;Night;normal;gamma_irradiation;47.9;37;7.21;147;12;44.9;8.3;0.51;12;1.1;4.9;932.5;1.1;12;4.4;7.2;99.5;1226;4.4;12.4;1.1;124;0.4;chromatography_affinity;A;4.96
LOT_2025_125;6/5/25;inactivated;Site_Alpha;stainless_steel;5000;BioSupplies_Inc;Day;maintenance;steam_in_place;117.8;37.5;6.97;306;21.6;73.8;11.1;1.03;33.8;5.1;8.1;4660.5;2.4;35.9;5.7;6.8;96.6;932;8.8;15.4;2.7;515;2.8;centrifugation;C;8.85
LOT_2025_126;7/5/25;viral_vector;Site_Beta;stainless_steel;5000;ChemCorp_Global;Night;normal;steam_in_place;72.8;36.8;7.15;283;25.4;81.2;12.2;0.87;25.1;2.4;8.3;4634.5;1.8;24.4;6.2;7;98.7;1158;5.2;14.2;0.8;213;1.1;filtration_tangential;A;7.32
LOT_2025_127;8/5/25;recombinant;Site_Gamma;stainless_steel;500;ChemCorp_Global;Day;normal;steam_in_place;97;36.5;7.11;182;8.6;30.7;9.6;0.61;19;1.7;4.3;487.5;1.4;18.6;5.2;7;98.3;1107;6.2;13.5;1.5;243;1.5;filtration_depth;B;5.57
LOT_2025_128;9/5/25;mRNA;Site_Alpha;single_use;2000;NanoMaterials_Ltd;Night;normal;gamma_irradiation;48.4;37.1;7.22;150;12.5;45.2;8.5;0.52;12.4;1.2;5.1;1851.5;1.2;12.5;4.5;7.1;99.3;1219;4.5;12.5;1.2;142;0.5;chromatography_affinity;A;4.89
LOT_2025_129;10/5/25;inactivated;Site_Alpha;stainless_steel;10000;BioSupplies_Inc;Day;recent;steam_in_place;119.3;37.2;7.06;354;45.7;151.9;14.4;1.22;43.1;5;12.6;9585.5;2.3;40.3;5.5;6.9;96.7;909;9.2;16.4;2.7;485;3;centrifugation;B;12.62
LOT_2025_130;11/5/25;viral_vector;Site_Beta;single_use;2000;ChemCorp_Global;Night;normal;gamma_irradiation;71.4;36.9;7.17;202;18.6;60.7;10.6;0.76;20.4;2.2;5.5;1909.5;1.5;22.6;6;7.1;98.8;1182;5;13.8;0.9;178;1;chromatography_ion_exchange;A;6.88
LOT_2025_131;12/5/25;recombinant;Site_Alpha;single_use;1000;BioSupplies_Inc;Day;overdue;gamma_irradiation;94.2;36.8;7.09;178;8.8;29.6;9.2;0.57;18.3;1.9;4.3;922.5;1.5;17.8;5.2;7;98.1;1082;6.1;13.3;1.5;258;1.6;filtration_depth;C;5.42
LOT_2025_132;13-05-2025;mRNA;Site_Gamma;single_use;1000;NanoMaterials_Ltd;Night;normal;gamma_irradiation;47.9;37;7.21;147;12;44.9;8.3;0.51;12;1.1;4.9;933.5;1.1;12;4.4;7.2;99.5;1226;4.4;12.4;1.1;124;0.4;chromatography_affinity;A;4.96
LOT_2025_133;14-05-2025;inactivated;Site_Alpha;stainless_steel;5000;BioSupplies_Inc;Day;normal;steam_in_place;120.7;37.3;7;314;22.7;76.2;11.7;1.12;36.4;4.5;8.6;4800;2;36.4;5.8;6.9;97.4;958;8.6;15.3;2.4;440;2.4;centrifugation;B;9.45
LOT_2025_134;15-05-2025;viral_vector;Site_Beta;stainless_steel;5000;ChemCorp_Global;Night;recent;steam_in_place;73;36.9;7.14;286;25.5;81.7;12.3;0.88;25.4;2.3;8.4;4660.5;1.7;24.5;6.3;7;98.8;1162;5.1;14;0.8;208;1.1;filtration_tangential;A;7.38
LOT_2025_135;16-05-2025;recombinant;Site_Gamma;stainless_steel;500;ChemCorp_Global;Day;normal;steam_in_place;96.6;36.5;7.1;181;8.5;30.4;9.5;0.6;18.7;1.8;4.2;483.2;1.4;18.5;5.2;7;98.2;1103;6.2;13.5;1.5;247;1.5;filtration_depth;B;5.53
LOT_2025_136;17-05-2025;mRNA;Site_Alpha;single_use;2000;NanoMaterials_Ltd;Night;normal;gamma_irradiation;48.6;37.1;7.22;150;12.5;45.4;8.5;0.52;12.5;1.2;5.1;1853.8;1.2;12.5;4.5;7.1;99.3;1220;4.5;12.5;1.2;143;0.5;chromatography_affinity;A;4.9
LOT_2025_137;18-05-2025;inactivated;Site_Gamma;stainless_steel;2000;BioSupplies_Inc;Day;normal;steam_in_place;122.2;36.4;6.86;301;20.6;70.7;10.6;1.05;32.3;5.4;7.8;1854.5;2.7;37.6;5.6;6.7;95.5;881;8.2;15.8;3;593;3.4;centrifugation;C;8.57
LOT_2025_138;19-05-2025;viral_vector;Site_Beta;single_use;2000;ChemCorp_Global;Night;normal;gamma_irradiation;71.3;36.9;7.17;202;18.6;60.6;10.6;0.76;20.3;2.2;5.5;1909.1;1.5;22.6;6;7.1;98.8;1182;5;13.8;0.9;178;1;chromatography_ion_exchange;A;6.87
LOT_2025_139;20-05-2025;recombinant;Site_Alpha;single_use;1000;BioSupplies_Inc;Day;recent;gamma_irradiation;95.8;36.6;7.12;186;9.3;33;9.9;0.63;19.8;1.6;4.6;960.2;1.3;18.1;5.3;7.1;98.7;1120;6.1;13.4;1.4;232;1.4;filtration_depth;A;5.84
LOT_2025_140;21-05-2025;mRNA;Site_Gamma;single_use;1000;NanoMaterials_Ltd;Night;normal;gamma_irradiation;47.8;37;7.2;146;11.9;44.8;8.2;0.5;11.9;1.1;4.9;931.2;1.1;11.9;4.4;7.2;99.5;1224;4.4;12.4;1.1;126;0.4;chromatography_affinity;A;4.95
LOT_2025_141;22-05-2025;inactivated;Site_Alpha;stainless_steel;10000;BioSupplies_Inc;Day;recent;steam_in_place;119.2;37.2;7.06;354;45.7;151.7;14.4;1.22;43.1;5;12.6;9572.5;2.3;40.3;5.5;6.9;96.7;909;9.2;16.4;2.7;485;3;centrifugation;B;12.6
LOT_2025_142;23-05-2025;viral_vector;Site_Beta;stainless_steel;5000;ChemCorp_Global;Night;normal;steam_in_place;72.7;36.8;7.15;282;25.3;80.9;12.2;0.86;24.9;2.4;8.3;4629.5;1.8;24.3;6.2;7;98.6;1154;5.2;14.2;0.8;216;1.2;filtration_tangential;A;7.29
LOT_2025_143;24-05-2025;recombinant;Site_Gamma;stainless_steel;500;ChemCorp_Global;Day;normal;steam_in_place;97.2;36.5;7.11;183;8.6;30.9;9.6;0.61;19.2;1.7;4.3;489.5;1.4;18.6;5.2;7;98.3;1108;6.2;13.5;1.5;241;1.5;filtration_depth;B;5.59
LOT_2025_144;25-05-2025;mRNA;Site_Alpha;single_use;2000;NanoMaterials_Ltd;Night;recent;gamma_irradiation;48.8;37.1;7.22;150;12.5;45.6;8.5;0.52;12.6;1.2;5.1;1855.9;1.2;12.5;4.5;7.1;99.3;1222;4.5;12.5;1.2;140;0.5;chromatography_affinity;A;4.92
LOT_2025_145;26-05-2025;inactivated;Site_Alpha;stainless_steel;5000;BioSupplies_Inc;Day;normal;steam_in_place;120.6;37.3;6.99;313;22.7;76.1;11.7;1.11;36.2;4.6;8.6;4792.2;2;36.3;5.8;6.9;97.4;957;8.6;15.3;2.4;442;2.5;centrifugation;B;9.39
LOT_2025_146;27-05-2025;viral_vector;Site_Beta;single_use;2000;ChemCorp_Global;Night;maintenance;gamma_irradiation;69.9;36.3;7.24;192;17.5;56.6;9.6;0.66;18.9;2.9;6;1822.5;2;21;5.9;7;97.6;1110;5.4;14.1;1.1;244;1.4;chromatography_ion_exchange;C;6.36
LOT_2025_147;28-05-2025;recombinant;Site_Alpha;single_use;1000;BioSupplies_Inc;Day;normal;gamma_irradiation;96.1;36.6;7.12;187;9.4;33.3;10;0.63;20.1;1.5;4.6;965.5;1.3;18.2;5.3;7.1;98.8;1122;6.1;13.4;1.4;227;1.4;filtration_depth;A;5.88
LOT_2025_148;29-05-2025;mRNA;Site_Gamma;single_use;1000;NanoMaterials_Ltd;Night;normal;gamma_irradiation;47.6;37;7.2;145;11.8;44.7;8.2;0.5;11.8;1.1;4.9;928.5;1.1;11.9;4.4;7.2;99.5;1221;4.4;12.4;1.1;127;0.4;chromatography_affinity;A;4.93
LOT_2025_149;30-05-2025;inactivated;Site_Gamma;stainless_steel;2000;BioSupplies_Inc;Day;recent;steam_in_place;122.4;36.5;6.89;303;20.9;72;10.9;1.07;33;5.1;7.9;1867.5;2.6;37.4;5.6;6.7;96;891;8.3;15.7;2.9;567;3.3;centrifugation;B;8.93
LOT_2025_150;31-05-2025;viral_vector;Site_Beta;stainless_steel;5000;ChemCorp_Global;Night;normal;steam_in_place;72.9;36.8;7.15;283;25.4;81.3;12.2;0.87;25.2;2.4;8.3;4636.5;1.8;24.4;6.2;7;98.7;1157;5.2;14.2;0.8;213;1.1;filtration_tangential;A;7.33
LOT_2025_151;1/6/25;recombinant;Site_Gamma;stainless_steel;500;ChemCorp_Global;Day;normal;steam_in_place;97;36.5;7.1;182;8.6;30.7;9.6;0.61;19;1.8;4.3;487.2;1.4;18.6;5.2;7;98.2;1105;6.2;13.5;1.5;245;1.5;filtration_depth;B;5.55
LOT_2025_152;2/6/25;mRNA;Site_Alpha;single_use;2000;NanoMaterials_Ltd;Night;normal;gamma_irradiation;48.4;37;7.22;149;12.5;45.3;8.5;0.52;12.4;1.2;5.1;1851.2;1.2;12.3;4.5;7.2;99.4;1217;4.5;12.5;1.2;142;0.5;chromatography_affinity;A;4.91
LOT_2025_153;3/6/25;inactivated;Site_Alpha;stainless_steel;10000;BioSupplies_Inc;Day;recent;steam_in_place;119.3;37.2;7.06;354;45.6;151.8;14.4;1.22;43.2;5;12.6;9576.5;2.3;40.3;5.5;6.9;96.7;909;9.2;16.4;2.7;485;3;centrifugation;B;12.6
LOT_2025_154;4/6/25;viral_vector;Site_Beta;single_use;2000;ChemCorp_Global;Night;normal;gamma_irradiation;71.4;36.9;7.17;202;18.6;60.7;10.6;0.76;20.4;2.2;5.5;1909.8;1.5;22.6;6;7.1;98.8;1182;5;13.8;0.9;178;1;chromatography_ion_exchange;A;6.87
LOT_2025_155;5/6/25;recombinant;Site_Alpha;single_use;1000;BioSupplies_Inc;Day;normal;gamma_irradiation;95.9;36.6;7.12;186;9.3;33.1;9.9;0.63;19.9;1.6;4.6;962.5;1.3;18.1;5.3;7.1;98.7;1120;6.1;13.4;1.4;230;1.4;filtration_depth;A;5.85